{"cameraMode":{"drawMode":31,"name":"Sprite Mask","section":"Miscellaneous"},"sceneLighting":false,"audioPlay":false,"sceneViewState":{"showFog":false,"showMaterialUpdate":false,"showSkybox":false,"showFlares":false,"showImageEffects":false,"showParticleSystems":false},"in2DMode":false,"pivot":{"x":-28.91806411743164,"y":-5.076253890991211,"z":62.23003387451172},"rotation":{"x":0.45435240864753725,"y":-0.028052635490894319,"z":0.014316835440695286,"w":0.890265166759491},"size":81.32975006103516,"orthographic":false}